"gvaquinspercapita","most deprived neighbourhood count","percent"
1,690,21.0109622411693
2,609,18.5444579780755
3,562,17.1132764920828
4,954,29.0499390986602
5,469,14.2813641900122
